timestamp,room,temperature
2026-10-12 00:00,Office,21.7
2026-10-12 00:00,Server Room,19.4
2026-10-12 00:00,Meeting Room,20.7
2026-10-12 00:15,Office,21.2
2026-10-12 00:15,Server Room,20.3
2026-10-12 00:15,Meeting Room,21.2
2026-10-12 00:30,Office,22.0
2026-10-12 00:30,Server Room,19.5
2026-10-12 00:30,Meeting Room,20.9
2026-10-12 00:45,Office,20.9
2026-10-12 00:45,Server Room,19.7
2026-10-12 00:45,Meeting Room,21.0
2026-10-12 01:00,Office,20.9
2026-10-12 01:00,Server Room,19.6
2026-10-12 01:00,Meeting Room,21.2
2026-10-12 01:15,Office,21.6
2026-10-12 01:15,Server Room,19.7
2026-10-12 01:15,Meeting Room,21.1
2026-10-12 01:30,Office,21.9
2026-10-12 01:30,Server Room,19.4
2026-10-12 01:30,Meeting Room,21.4
2026-10-12 01:45,Office,21.7
2026-10-12 01:45,Server Room,19.8
2026-10-12 01:45,Meeting Room,20.6
2026-10-12 02:00,Office,22.0
2026-10-12 02:00,Server Room,19.8
2026-10-12 02:00,Meeting Room,20.5
2026-10-12 02:15,Office,21.0
2026-10-12 02:15,Server Room,20.4
2026-10-12 02:15,Meeting Room,21.1
2026-10-12 02:30,Office,21.9
2026-10-12 02:30,Server Room,20.3
2026-10-12 02:30,Meeting Room,21.0
2026-10-12 02:45,Office,22.1
2026-10-12 02:45,Server Room,19.9
2026-10-12 02:45,Meeting Room,21.1
2026-10-12 03:00,Office,21.9
2026-10-12 03:00,Server Room,20.1
2026-10-12 03:00,Meeting Room,21.4
2026-10-12 03:15,Office,21.6
2026-10-12 03:15,Server Room,20.2
2026-10-12 03:15,Meeting Room,20.5
2026-10-12 03:30,Office,21.2
2026-10-12 03:30,Server Room,19.7
2026-10-12 03:30,Meeting Room,20.5
2026-10-12 03:45,Office,21.2
2026-10-12 03:45,Server Room,19.5
2026-10-12 03:45,Meeting Room,20.7
2026-10-12 04:00,Office,21.7
2026-10-12 04:00,Server Room,19.8
2026-10-12 04:00,Meeting Room,16.8
2026-10-12 04:15,Office,21.2
2026-10-12 04:15,Server Room,19.7
2026-10-12 04:15,Meeting Room,17.5
2026-10-12 04:30,Office,21.7
2026-10-12 04:30,Server Room,20.1
2026-10-12 04:30,Meeting Room,16.6
2026-10-12 04:45,Office,21.8
2026-10-12 04:45,Server Room,19.6
2026-10-12 04:45,Meeting Room,16.9
2026-10-12 05:00,Office,22.1
2026-10-12 05:00,Server Room,20.2
2026-10-12 05:00,Meeting Room,17.1
2026-10-12 05:15,Office,21.7
2026-10-12 05:15,Server Room,20.4
2026-10-12 05:15,Meeting Room,17.3
2026-10-12 05:30,Office,21.2
2026-10-12 05:30,Server Room,19.4
2026-10-12 05:30,Meeting Room,16.8
2026-10-12 05:45,Office,21.2
2026-10-12 05:45,Server Room,19.7
2026-10-12 05:45,Meeting Room,17.5
2026-10-12 06:00,Office,22.0
2026-10-12 06:00,Server Room,19.8
2026-10-12 06:00,Meeting Room,17.2
2026-10-12 06:15,Office,21.4
2026-10-12 06:15,Server Room,20.5
2026-10-12 06:15,Meeting Room,17.0
2026-10-12 06:30,Office,21.2
2026-10-12 06:30,Server Room,19.7
2026-10-12 06:30,Meeting Room,17.1
2026-10-12 06:45,Office,21.2
2026-10-12 06:45,Server Room,20.1
2026-10-12 06:45,Meeting Room,17.5
2026-10-12 07:00,Office,21.4
2026-10-12 07:00,Server Room,19.7
2026-10-12 07:00,Meeting Room,21.6
2026-10-12 07:15,Office,21.5
2026-10-12 07:15,Server Room,19.5
2026-10-12 07:15,Meeting Room,20.5
2026-10-12 07:30,Office,21.0
2026-10-12 07:30,Server Room,20.2
2026-10-12 07:30,Meeting Room,21.4
2026-10-12 07:45,Office,21.4
2026-10-12 07:45,Server Room,19.5
2026-10-12 07:45,Meeting Room,20.9
2026-10-12 08:00,Office,22.1
2026-10-12 08:00,Server Room,20.0
2026-10-12 08:00,Meeting Room,21.6
2026-10-12 08:15,Office,21.9
2026-10-12 08:15,Server Room,19.4
2026-10-12 08:15,Meeting Room,21.3
2026-10-12 08:30,Office,21.7
2026-10-12 08:30,Server Room,20.0
2026-10-12 08:30,Meeting Room,20.7
2026-10-12 08:45,Office,21.7
2026-10-12 08:45,Server Room,19.5
2026-10-12 08:45,Meeting Room,20.9
2026-10-12 09:00,Office,21.4
2026-10-12 09:00,Server Room,20.5
2026-10-12 09:00,Meeting Room,21.5
2026-10-12 09:15,Office,21.2
2026-10-12 09:15,Server Room,20.0
2026-10-12 09:15,Meeting Room,20.6
2026-10-12 09:30,Office,22.0
2026-10-12 09:30,Server Room,20.4
2026-10-12 09:30,Meeting Room,20.8
2026-10-12 09:45,Office,21.7
2026-10-12 09:45,Server Room,20.1
2026-10-12 09:45,Meeting Room,20.6
2026-10-12 10:00,Office,21.8
2026-10-12 10:00,Server Room,20.0
2026-10-12 10:00,Meeting Room,21.3
2026-10-12 10:15,Office,21.5
2026-10-12 10:15,Server Room,19.4
2026-10-12 10:15,Meeting Room,20.8
2026-10-12 10:30,Office,20.9
2026-10-12 10:30,Server Room,20.5
2026-10-12 10:30,Meeting Room,21.5
2026-10-12 10:45,Office,21.9
2026-10-12 10:45,Server Room,19.8
2026-10-12 10:45,Meeting Room,20.5
2026-10-12 11:00,Office,22.0
2026-10-12 11:00,Server Room,20.5
2026-10-12 11:00,Meeting Room,20.5
2026-10-12 11:15,Office,21.5
2026-10-12 11:15,Server Room,19.5
2026-10-12 11:15,Meeting Room,21.3
2026-10-12 11:30,Office,21.8
2026-10-12 11:30,Server Room,19.6
2026-10-12 11:30,Meeting Room,21.0
2026-10-12 11:45,Office,21.6
2026-10-12 11:45,Server Room,19.7
2026-10-12 11:45,Meeting Room,21.4
2026-10-12 12:00,Office,21.4
2026-10-12 12:00,Server Room,19.7
2026-10-12 12:00,Meeting Room,21.0
2026-10-12 12:15,Office,21.8
2026-10-12 12:15,Server Room,19.6
2026-10-12 12:15,Meeting Room,20.8
2026-10-12 12:30,Office,22.1
2026-10-12 12:30,Server Room,20.2
2026-10-12 12:30,Meeting Room,20.9
2026-10-12 12:45,Office,21.5
2026-10-12 12:45,Server Room,19.5
2026-10-12 12:45,Meeting Room,20.7
2026-10-12 13:00,Office,21.3
2026-10-12 13:00,Server Room,28.1
2026-10-12 13:00,Meeting Room,20.7
2026-10-12 13:15,Office,21.2
2026-10-12 13:15,Server Room,27.5
2026-10-12 13:15,Meeting Room,21.2
2026-10-12 13:30,Office,21.2
2026-10-12 13:30,Server Room,28.5
2026-10-12 13:30,Meeting Room,21.4
2026-10-12 13:45,Office,21.0
2026-10-12 13:45,Server Room,27.7
2026-10-12 13:45,Meeting Room,21.2
2026-10-12 14:00,Office,21.2
2026-10-12 14:00,Server Room,27.6
2026-10-12 14:00,Meeting Room,21.5
2026-10-12 14:15,Office,21.6
2026-10-12 14:15,Server Room,28.0
2026-10-12 14:15,Meeting Room,21.3
2026-10-12 14:30,Office,21.9
2026-10-12 14:30,Server Room,27.6
2026-10-12 14:30,Meeting Room,20.5
2026-10-12 14:45,Office,21.4
2026-10-12 14:45,Server Room,27.9
2026-10-12 14:45,Meeting Room,21.0
2026-10-12 15:00,Office,21.8
2026-10-12 15:00,Server Room,20.2
2026-10-12 15:00,Meeting Room,21.6
2026-10-12 15:15,Office,21.0
2026-10-12 15:15,Server Room,19.9
2026-10-12 15:15,Meeting Room,20.8
2026-10-12 15:30,Office,21.9
2026-10-12 15:30,Server Room,19.7
2026-10-12 15:30,Meeting Room,20.6
2026-10-12 15:45,Office,21.4
2026-10-12 15:45,Server Room,19.9
2026-10-12 15:45,Meeting Room,20.7
2026-10-12 16:00,Office,21.2
2026-10-12 16:00,Server Room,20.5
2026-10-12 16:00,Meeting Room,20.9
2026-10-12 16:15,Office,21.9
2026-10-12 16:15,Server Room,20.1
2026-10-12 16:15,Meeting Room,20.5
2026-10-12 16:30,Office,22.1
2026-10-12 16:30,Server Room,20.4
2026-10-12 16:30,Meeting Room,21.6
2026-10-12 16:45,Office,22.0
2026-10-12 16:45,Server Room,20.4
2026-10-12 16:45,Meeting Room,20.6
2026-10-12 17:00,Office,21.5
2026-10-12 17:00,Server Room,19.7
2026-10-12 17:00,Meeting Room,20.9
2026-10-12 17:15,Office,21.0
2026-10-12 17:15,Server Room,19.9
2026-10-12 17:15,Meeting Room,21.6
2026-10-12 17:30,Office,21.2
2026-10-12 17:30,Server Room,20.3
2026-10-12 17:30,Meeting Room,20.9
2026-10-12 17:45,Office,21.4
2026-10-12 17:45,Server Room,20.5
2026-10-12 17:45,Meeting Room,21.6
2026-10-12 18:00,Office,21.6
2026-10-12 18:00,Server Room,20.3
2026-10-12 18:00,Meeting Room,20.6
2026-10-12 18:15,Office,21.3
2026-10-12 18:15,Server Room,20.6
2026-10-12 18:15,Meeting Room,21.1
2026-10-12 18:30,Office,21.6
2026-10-12 18:30,Server Room,20.3
2026-10-12 18:30,Meeting Room,20.5
2026-10-12 18:45,Office,21.6
2026-10-12 18:45,Server Room,20.0
2026-10-12 18:45,Meeting Room,21.4
2026-10-12 19:00,Office,21.1
2026-10-12 19:00,Server Room,20.6
2026-10-12 19:00,Meeting Room,20.5
2026-10-12 19:15,Office,21.1
2026-10-12 19:15,Server Room,20.1
2026-10-12 19:15,Meeting Room,21.2
2026-10-12 19:30,Office,21.2
2026-10-12 19:30,Server Room,19.5
2026-10-12 19:30,Meeting Room,21.5
2026-10-12 19:45,Office,21.2
2026-10-12 19:45,Server Room,20.1
2026-10-12 19:45,Meeting Room,21.1
2026-10-12 20:00,Office,21.4
2026-10-12 20:00,Server Room,20.1
2026-10-12 20:00,Meeting Room,21.0
2026-10-12 20:15,Office,22.0
2026-10-12 20:15,Server Room,19.6
2026-10-12 20:15,Meeting Room,21.3
2026-10-12 20:30,Office,21.2
2026-10-12 20:30,Server Room,19.9
2026-10-12 20:30,Meeting Room,21.2
2026-10-12 20:45,Office,21.3
2026-10-12 20:45,Server Room,19.8
2026-10-12 20:45,Meeting Room,21.3
2026-10-12 21:00,Office,21.0
2026-10-12 21:00,Server Room,19.9
2026-10-12 21:00,Meeting Room,21.6
2026-10-12 21:15,Office,22.1
2026-10-12 21:15,Server Room,19.5
2026-10-12 21:15,Meeting Room,20.7
2026-10-12 21:30,Office,21.2
2026-10-12 21:30,Server Room,20.5
2026-10-12 21:30,Meeting Room,21.5
2026-10-12 21:45,Office,22.0
2026-10-12 21:45,Server Room,19.8
2026-10-12 21:45,Meeting Room,20.6
2026-10-12 22:00,Office,21.9
2026-10-12 22:00,Server Room,20.2
2026-10-12 22:00,Meeting Room,21.1
2026-10-12 22:15,Office,22.1
2026-10-12 22:15,Server Room,20.2
2026-10-12 22:15,Meeting Room,20.4
2026-10-12 22:30,Office,21.9
2026-10-12 22:30,Server Room,19.8
2026-10-12 22:30,Meeting Room,21.2
2026-10-12 22:45,Office,22.0
2026-10-12 22:45,Server Room,19.6
2026-10-12 22:45,Meeting Room,20.5
2026-10-12 23:00,Office,21.0
2026-10-12 23:00,Server Room,20.1
2026-10-12 23:00,Meeting Room,20.7
2026-10-12 23:15,Office,21.6
2026-10-12 23:15,Server Room,20.3
2026-10-12 23:15,Meeting Room,20.6
2026-10-12 23:30,Office,21.7
2026-10-12 23:30,Server Room,19.7
2026-10-12 23:30,Meeting Room,21.0
2026-10-12 23:45,Office,22.0
2026-10-12 23:45,Server Room,20.4
2026-10-12 23:45,Meeting Room,20.5
